代码,简称,基本每股收益增长率-3年复合,基本每股收益增长率-24A,基本每股收益增长率-TTM,基本每股收益增长率-25E,基本每股收益增长率-26E,基本每股收益增长率-27E,营业收入增长率-3年复合,营业收入增长率-24A,营业收入增长率-TTM,营业收入增长率-25E,营业收入增长率-26E,营业收入增长率-27E,净利润增长率-3年复合,净利润增长率-24A,净利润增长率-TTM,净利润增长率-25E,净利润增长率-26E,净利润增长率-27E,基本每股收益增长率-3年复合排名
行业平均,行业平均,-66.113076923077,4.232307692308,-4.693846153846,-18.843636363636,270.293,58.532,13.454615384615,-21.695384615385,-4.96,10.675454545455,33.055,20.475,-56.370769230769,-20.844615384615,-17.197692307692,-1083.136,264.207,57.171,
行业中值,行业中值,-16.01,-34.02,8.55,-15.83,62.575,53.165,19.2,-22.76,-4.05,14.55,23.11,17.97,-15.86,-42.1,7.09,-25.79,40.645,64.95,
002192,融捷股份,46.62,-43.41,-14.0,,,,-15.2,-53.64,-14.06,,,,31.57,-40.55,-8.77,,,,1.0
600711,盛屯矿业,18.77,660.9,17.17,28.78,32.79,14.7,-17.15,5.21,25.41,23.58,8.29,7.98,-3.61,280.45,31.56,37.75,32.79,14.71,2.0
002340,格林美,1.72,11.11,-4.94,59.48,44.84,52.48,19.82,8.75,1.85,22.71,23.7,20.74,11.42,14.32,7.09,42.64,48.41,73.02,3.0
000762,西藏矿业,-7.93,-32.26,-123.5,-89.03,1958.33,53.85,-1.15,-22.76,-71.47,-20.44,91.52,29.96,-16.53,-59.66,-150.22,-87.83,1969.23,56.88,4.0
603799,华友钴业,-8.37,21.95,42.39,23.14,25.72,17.08,19.95,-8.08,22.56,20.54,12.03,11.2,8.63,14.5,54.7,40.06,27.59,20.09,5.0
002466,天齐锂业,-250.64,-208.31,68.89,-110.27,80.31,28.84,19.46,-67.75,-39.45,-11.66,20.48,12.52,-122.43,-100.11,-91.6,-10676.3,32.88,18.93,13.0
